{
  "roi_count": 42320,
  "conc_min": 0.0,
  "conc_max": 100.0,
  "conc_mean": 10.228910207939508,
  "conc_median": 0.0,
  "conc_p95": 77.81099999999992,
  "share_zero": 0.8227315689981096
}